{
  "Login User" : {
    "transaction" : "Login User",
    "sampleCount" : 3101,
    "errorCount" : 2649,
    "errorPct" : 85.42406,
    "meanResTime" : 4297.290873911637,
    "medianResTime" : 1596.0,
    "minResTime" : 0.0,
    "maxResTime" : 43724.0,
    "pct1ResTime" : 15487.000000000025,
    "pct2ResTime" : 28798.499999999913,
    "pct3ResTime" : 30259.0,
    "throughput" : 2.3654944463133454,
    "receivedKBytesPerSec" : 2.691296121325226,
    "sentKBytesPerSec" : 0.636506433691018
  },
  "GET Contact" : {
    "transaction" : "GET Contact",
    "sampleCount" : 5768,
    "errorCount" : 5334,
    "errorPct" : 92.47573,
    "meanResTime" : 754.2052704576961,
    "medianResTime" : 519.0,
    "minResTime" : 0.0,
    "maxResTime" : 59989.0,
    "pct1ResTime" : 1450.0,
    "pct2ResTime" : 1927.1000000000004,
    "pct3ResTime" : 3836.8600000000024,
    "throughput" : 4.40943196455942,
    "receivedKBytesPerSec" : 5.066056313331116,
    "sentKBytesPerSec" : 1.0125871489673994
  },
  "DELETE Contact list" : {
    "transaction" : "DELETE Contact list",
    "sampleCount" : 6202,
    "errorCount" : 5378,
    "errorPct" : 86.71397,
    "meanResTime" : 849.4914543695575,
    "medianResTime" : 543.5,
    "minResTime" : 0.0,
    "maxResTime" : 59707.0,
    "pct1ResTime" : 1406.3999999999996,
    "pct2ResTime" : 2192.5499999999984,
    "pct3ResTime" : 5257.510000000021,
    "throughput" : 4.734517395267315,
    "receivedKBytesPerSec" : 5.402488727657612,
    "sentKBytesPerSec" : 1.3435027167461606
  },
  "Total" : {
    "transaction" : "Total",
    "sampleCount" : 39441,
    "errorCount" : 34761,
    "errorPct" : 88.13418,
    "meanResTime" : 1156.4185999340853,
    "medianResTime" : 728.0,
    "minResTime" : 0.0,
    "maxResTime" : 82438.0,
    "pct1ResTime" : 1770.9000000000015,
    "pct2ResTime" : 3237.7000000000044,
    "pct3ResTime" : 30000.00000000016,
    "throughput" : 29.921072276068,
    "receivedKBytesPerSec" : 477.41613280349134,
    "sentKBytesPerSec" : 9.770258265164228
  },
  "PATCH Contact list" : {
    "transaction" : "PATCH Contact list",
    "sampleCount" : 6202,
    "errorCount" : 5369,
    "errorPct" : 86.56885,
    "meanResTime" : 835.07481457594,
    "medianResTime" : 533.0,
    "minResTime" : 0.0,
    "maxResTime" : 31002.0,
    "pct1ResTime" : 1428.0999999999995,
    "pct2ResTime" : 2382.649999999995,
    "pct3ResTime" : 5299.040000000008,
    "throughput" : 4.738398677954681,
    "receivedKBytesPerSec" : 5.444627235497344,
    "sentKBytesPerSec" : 1.3308019049287139
  },
  "Add New Contact" : {
    "transaction" : "Add New Contact",
    "sampleCount" : 6202,
    "errorCount" : 5344,
    "errorPct" : 86.16576,
    "meanResTime" : 792.7002579812969,
    "medianResTime" : 535.0,
    "minResTime" : 0.0,
    "maxResTime" : 49334.0,
    "pct1ResTime" : 1365.0,
    "pct2ResTime" : 1866.9499999999962,
    "pct3ResTime" : 4797.140000000016,
    "throughput" : 4.7306099908774435,
    "receivedKBytesPerSec" : 5.647416104754179,
    "sentKBytesPerSec" : 2.1887166547104733
  },
  "GET Contact lists" : {
    "transaction" : "GET Contact lists",
    "sampleCount" : 5764,
    "errorCount" : 5326,
    "errorPct" : 92.40111,
    "meanResTime" : 1303.3148854961848,
    "medianResTime" : 745.0,
    "minResTime" : 0.0,
    "maxResTime" : 82438.0,
    "pct1ResTime" : 2187.0,
    "pct2ResTime" : 5312.75,
    "pct3ResTime" : 11290.000000000124,
    "throughput" : 4.39416347751841,
    "receivedKBytesPerSec" : 450.16133970313285,
    "sentKBytesPerSec" : 0.9439766669652523
  },
  "PUT Contact list" : {
    "transaction" : "PUT Contact list",
    "sampleCount" : 6202,
    "errorCount" : 5361,
    "errorPct" : 86.43986,
    "meanResTime" : 815.517091260883,
    "medianResTime" : 530.0,
    "minResTime" : 0.0,
    "maxResTime" : 56331.0,
    "pct1ResTime" : 1322.0,
    "pct2ResTime" : 1884.8499999999995,
    "pct3ResTime" : 4468.670000000079,
    "throughput" : 4.738395057766858,
    "receivedKBytesPerSec" : 5.392120461632523,
    "sentKBytesPerSec" : 2.376325063346046
  },
  "Transaction Contact Controller" : {
    "transaction" : "Transaction Contact Controller",
    "sampleCount" : 3101,
    "errorCount" : 2700,
    "errorPct" : 87.06869,
    "meanResTime" : 6397.945178974544,
    "medianResTime" : 5171.0,
    "minResTime" : 1817.0,
    "maxResTime" : 74793.0,
    "pct1ResTime" : 8353.6,
    "pct2ResTime" : 10713.39999999999,
    "pct3ResTime" : 43758.24000000001,
    "throughput" : 2.3678353128925234,
    "receivedKBytesPerSec" : 15.504938070769718,
    "sentKBytesPerSec" : 4.461546209678651
  }
}